module,requirement,source_or_component,acceptance_evidence_required,status,evidence,ui_contract_status,ui_evidence_scope,production_and_owner_gate
01,Unified owner shell,OwnerShell / route registry,All12 destinations; keyboard/mobile navigation; deep-link preservation,BLOCKED,See ui-acceptance-evidence.md; scoped UI evidence does not resolve original module production/owner acceptance.,PASS_WITH_SCOPE_LIMIT,Keyboard mobile12menu; desktop search;12primary routes screens,PENDING_ROOT_RELEASE_AND_ACCEPTANCE
02,Approved Home,Owner Home / approved PNG,Rendered1440/390 comparison; corrected captions/dogs; owner review of deviations,BLOCKED,See ui-acceptance-evidence.md; scoped UI evidence does not resolve original module production/owner acceptance.,PASS_WITH_SCOPE_LIMIT,"Home panel headings,truth labels,390/1440 captures;visual approval separate",PENDING_ROOT_RELEASE_AND_ACCEPTANCE
03,Pillow CEO KPI,OwnerJourneys.tsx: CEO,NOT SET or evidenced target; MTD/YTD realised and unsettled separation,BLOCKED,See ui-acceptance-evidence.md; scoped UI evidence does not resolve original module production/owner acceptance.,PASS_WITH_SCOPE_LIMIT,Unset target and separate realised/unsettled labels;positive commitment not asserted,PENDING_ROOT_RELEASE_AND_ACCEPTANCE
04,CEO24-hour clock,OwnerJourneys.tsx: CEO timetable,SGT date navigation; planned/actual separation; receipt drill-down,BLOCKED,See ui-acceptance-evidence.md; scoped UI evidence does not resolve original module production/owner acceptance.,PASS_WITH_SCOPE_LIMIT,Date-selected synthetic worker receipt and planned/actual segregation,PENDING_ROOT_RELEASE_AND_ACCEPTANCE
05,CEO communications,OwnerJourneys.tsx: CEO decision centre,Four categories; persistent lifecycle; approve/reject/revise governed,BLOCKED,See ui-acceptance-evidence.md; scoped UI evidence does not resolve original module production/owner acceptance.,PASS_WITH_SCOPE_LIMIT,Exactversion decision receipt;visible30snewID/materialchangedbriefnotifications;identical/reloaddedup;noinference,PENDING_ROOT_RELEASE_AND_ACCEPTANCE
06,Corridor portfolio,OwnerJourneys.tsx: Portfolio; owner-portfolio.ts,1000-capable dataset;10/25/50; filters; inline six tabs; unknowns,BLOCKED,See ui-acceptance-evidence.md; scoped UI evidence does not resolve original module production/owner acceptance.,PASS_WITH_SCOPE_LIMIT,1000synthetic records;serverpaging50;SKU999 same listing;contribution/receipt,PENDING_ROOT_RELEASE_AND_ACCEPTANCE
07,Listing studio,OwnerJourneys.tsx: Listings,Media rights; exact digest; state progression; submit locked,BLOCKED,See ui-acceptance-evidence.md; scoped UI evidence does not resolve original module production/owner acceptance.,PASS_WITH_SCOPE_LIMIT,Selectedmission continuity;live publication disabled,PENDING_ROOT_RELEASE_AND_ACCEPTANCE
08,Orders fulfilment,OwnerJourneys.tsx: Orders,Partial shipment not delivered; cash and settlement linked,BLOCKED,See ui-acceptance-evidence.md; scoped UI evidence does not resolve original module production/owner acceptance.,PASS_WITH_SCOPE_LIMIT,Partial package tracking;actual ledger excludes synthetic;settlement unknown,PENDING_ROOT_RELEASE_AND_ACCEPTANCE
09,Financial command,Work5 finance / source evidence,Realised vs estimated; receivables/holds/bank evidence; date filters,BLOCKED,See ui-acceptance-evidence.md; scoped UI evidence does not resolve original module production/owner acceptance.,PASS_WITH_SCOPE_LIMIT,Finance primary renders and source crosslinks;crosssource actuals separate,PENDING_ROOT_RELEASE_AND_ACCEPTANCE
10,Infrastructure cost,OwnerJourneys.tsx: CostCentre,All-in providers; actual/accrued; MTD/YTD; invoices/FX,BLOCKED,See ui-acceptance-evidence.md; scoped UI evidence does not resolve original module production/owner acceptance.,PASS_WITH_SCOPE_LIMIT,Invoice/accrual source;period change;separate provider classification,PENDING_ROOT_RELEASE_AND_ACCEPTANCE
11,Commercial P&L,OwnerJourneys.tsx: CostCentre,No duplicate overhead; order/SKU/corridor; source drilldown,BLOCKED,See ui-acceptance-evidence.md; scoped UI evidence does not resolve original module production/owner acceptance.,PASS_WITH_SCOPE_LIMIT,Commercial P&L unknowns;no certifiedprofit claim,PENDING_ROOT_RELEASE_AND_ACCEPTANCE
12,Four Eyes,Existing intelligence / decision receipts,All4 eyes; timestamp/confidence; signal-to-result trace,BLOCKED,See ui-acceptance-evidence.md; scoped UI evidence does not resolve original module production/owner acceptance.,PASS_WITH_SCOPE_LIMIT,Exact findinghash→Pillowdecision→independent Advisor syntheticreceipt,PENDING_ROOT_RELEASE_AND_ACCEPTANCE
13,Assurance self-repair,Existing Assurance control plane,Six domains; impact/detection/repair/verified recovery,BLOCKED,See ui-acceptance-evidence.md; scoped UI evidence does not resolve original module production/owner acceptance.,PASS_WITH_SCOPE_LIMIT,15safetyguards;unknown exposure;payout discrepancy;pausecontrolledstate,PENDING_ROOT_RELEASE_AND_ACCEPTANCE
14,Commercial calendar,OwnerJourneys.tsx: CommercialCalendar,SGT/US zones; evidence/deadline/product links,BLOCKED,See ui-acceptance-evidence.md; scoped UI evidence does not resolve original module production/owner acceptance.,PASS_WITH_SCOPE_LIMIT,Calendar primary rendering;SGT planning;no invented demand,PENDING_ROOT_RELEASE_AND_ACCEPTANCE
15,GPT bridge,King Advisor / governed evidence,Read-only provenance package; no secret export or false vision claim,BLOCKED,See ui-acceptance-evidence.md; scoped UI evidence does not resolve original module production/owner acceptance.,PASS_WITH_SCOPE_LIMIT,Specific authorized Advisor record readback with provenance,PENDING_ROOT_RELEASE_AND_ACCEPTANCE
16,Provider health,OwnerJourneys.tsx: System,Configured vs operational; scope/quota/freshness/impact,BLOCKED,See ui-acceptance-evidence.md; scoped UI evidence does not resolve original module production/owner acceptance.,PASS_WITH_SCOPE_LIMIT,System primaryrender;actualprovider operational verification separate,PENDING_ROOT_RELEASE_AND_ACCEPTANCE
17,Search mobile performance,Owner shell / portfolio / components,390/1440 overflow; focus; reduced motion; empty/error/denial,BLOCKED,See ui-acceptance-evidence.md; scoped UI evidence does not resolve original module production/owner acceptance.,PASS_WITH_SCOPE_LIMIT,390/1440document nooverflow;keyboardmenu;403/503,PENDING_ROOT_RELEASE_AND_ACCEPTANCE
18,Legacy consolidation,docs/work7/route-disposition.csv,Preserve/redirect every legacy route; no lost backend capability,BLOCKED,See ui-acceptance-evidence.md; scoped UI evidence does not resolve original module production/owner acceptance.,SOURCE_PRESERVATION_ONLY,175existing routes sourcepresent;not175renderedtests,PENDING_ROOT_RELEASE_AND_ACCEPTANCE
19,Traceable decisions,Stable IDs / version fences,Why/source/impact/deadline/executor/receipt/outcome,BLOCKED,See ui-acceptance-evidence.md; scoped UI evidence does not resolve original module production/owner acceptance.,PASS_WITH_SCOPE_LIMIT,ExactID/version bound revision;durable receipt;supersededpolicy and sameIDretry,PENDING_ROOT_RELEASE_AND_ACCEPTANCE
20,Visual owner acceptance,Approved PNG / deck / rendered screenshots,Home comparison and meaningful deviation owner approval,BLOCKED,See ui-acceptance-evidence.md; scoped UI evidence does not resolve original module production/owner acceptance.,PASS_WITH_SCOPE_LIMIT,Screenshotmanifest+Home comparison artifact;ownervisualacceptance separate,PENDING_ROOT_RELEASE_AND_ACCEPTANCE
