route,prior_title,prior_coverage,work7_disposition,work7_target,verification
/login,Executive Home,CAPTURED_AUTHENTICATED_TEST,PRESERVED_SOURCE_ROUTE,/login,Route source exists; rendered control/authority acceptance pending
/cockpit/advisor,King's Advisor,CAPTURED_AUTHENTICATED_TEST,PRESERVED_SOURCE_ROUTE,/cockpit/advisor,Route source exists; rendered control/authority acceptance pending
/cockpit/assurance/mobile-acceptance,Live Assurance mobile viewport,CAPTURED_AUTHENTICATED_TEST,PRESERVED_SOURCE_ROUTE,/cockpit/assurance/mobile-acceptance,Route source exists; rendered control/authority acceptance pending
/cockpit/assurance,Assurance,CAPTURED_AUTHENTICATED_TEST,PRESERVED_SOURCE_ROUTE,/cockpit/assurance,Route source exists; rendered control/authority acceptance pending
/cockpit/command,Command Centre,CAPTURED_AUTHENTICATED_TEST,PRESERVED_SOURCE_ROUTE,/cockpit/command,Route source exists; rendered control/authority acceptance pending
/cockpit/commerce/ad-intelligence,Commerce,CAPTURED_AUTHENTICATED_TEST,PRESERVED_SOURCE_ROUTE,/cockpit/commerce/ad-intelligence,Route source exists; rendered control/authority acceptance pending
/cockpit/commerce/ads,Commerce,CAPTURED_AUTHENTICATED_TEST,PRESERVED_SOURCE_ROUTE,/cockpit/commerce/ads,Route source exists; rendered control/authority acceptance pending
/cockpit/commerce/automation,Commerce,CAPTURED_AUTHENTICATED_TEST,PRESERVED_SOURCE_ROUTE,/cockpit/commerce/automation,Route source exists; rendered control/authority acceptance pending
/cockpit/commerce/factory,Commerce,CAPTURED_AUTHENTICATED_TEST,PRESERVED_SOURCE_ROUTE,/cockpit/commerce/factory,Route source exists; rendered control/authority acceptance pending
/cockpit/commerce/governed,Commerce,CAPTURED_AUTHENTICATED_TEST;CAPTURED_PRODUCTION,PRESERVED_SOURCE_ROUTE,/cockpit/commerce/governed,Route source exists; rendered control/authority acceptance pending
/cockpit/commerce/intelligence,Commerce,CAPTURED_AUTHENTICATED_TEST,PRESERVED_SOURCE_ROUTE,/cockpit/commerce/intelligence,Route source exists; rendered control/authority acceptance pending
/cockpit/commerce/launch,Commerce,CAPTURED_AUTHENTICATED_TEST,PRESERVED_SOURCE_ROUTE,/cockpit/commerce/launch,Route source exists; rendered control/authority acceptance pending
/cockpit/commerce/marketing,Commerce,CAPTURED_AUTHENTICATED_TEST,PRESERVED_SOURCE_ROUTE,/cockpit/commerce/marketing,Route source exists; rendered control/authority acceptance pending
/cockpit/commerce/marketplace,Commerce,CAPTURED_AUTHENTICATED_TEST,PRESERVED_SOURCE_ROUTE,/cockpit/commerce/marketplace,Route source exists; rendered control/authority acceptance pending
/cockpit/commerce/operating,Commerce,CAPTURED_AUTHENTICATED_TEST,PRESERVED_SOURCE_ROUTE,/cockpit/commerce/operating,Route source exists; rendered control/authority acceptance pending
/cockpit/commerce,commerce,UNAVAILABLE,PRESERVED_SOURCE_ROUTE,/cockpit/commerce,Route source exists; rendered control/authority acceptance pending
/cockpit/commerce/store,Commerce,CAPTURED_AUTHENTICATED_TEST,PRESERVED_SOURCE_ROUTE,/cockpit/commerce/store,Route source exists; rendered control/authority acceptance pending
/cockpit/commerce/transactions,Transaction lifecycle,CAPTURED_AUTHENTICATED_TEST;CAPTURED_PRODUCTION,PRESERVED_SOURCE_ROUTE,/cockpit/commerce/transactions,Route source exists; rendered control/authority acceptance pending
/cockpit/commerce/workspace/[id],[id],UNAVAILABLE,PRESERVED_SOURCE_ROUTE,/cockpit/commerce/workspace/[id],Route source exists; rendered control/authority acceptance pending
/cockpit/commerce/workspace,Commerce,CAPTURED_AUTHENTICATED_TEST,PRESERVED_SOURCE_ROUTE,/cockpit/commerce/workspace,Route source exists; rendered control/authority acceptance pending
/cockpit/development/approvals,Development,CAPTURED_AUTHENTICATED_TEST,PRESERVED_SOURCE_ROUTE,/cockpit/development/approvals,Route source exists; rendered control/authority acceptance pending
/cockpit/development/inspection,Development,CAPTURED_AUTHENTICATED_TEST,PRESERVED_SOURCE_ROUTE,/cockpit/development/inspection,Route source exists; rendered control/authority acceptance pending
/cockpit/development/learning,Development,CAPTURED_AUTHENTICATED_TEST,PRESERVED_SOURCE_ROUTE,/cockpit/development/learning,Route source exists; rendered control/authority acceptance pending
/cockpit/development,development,UNAVAILABLE,PRESERVED_SOURCE_ROUTE,/cockpit/development,Route source exists; rendered control/authority acceptance pending
/cockpit/development/pillow,Development,CAPTURED_AUTHENTICATED_TEST,PRESERVED_SOURCE_ROUTE,/cockpit/development/pillow,Route source exists; rendered control/authority acceptance pending
/cockpit/eyes,Four Eyes,CAPTURED_AUTHENTICATED_TEST;CAPTURED_PRODUCTION,PRESERVED_SOURCE_ROUTE,/cockpit/eyes,Route source exists; rendered control/authority acceptance pending
/cockpit/finance/billing,billing,UNAVAILABLE,PRESERVED_SOURCE_ROUTE,/cockpit/finance/billing,Route source exists; rendered control/authority acceptance pending
/cockpit/finance/costs,costs,UNAVAILABLE,PRESERVED_SOURCE_ROUTE,/cockpit/finance/costs,Route source exists; rendered control/authority acceptance pending
/cockpit/finance/intelligence,intelligence,UNAVAILABLE,PRESERVED_SOURCE_ROUTE,/cockpit/finance/intelligence,Route source exists; rendered control/authority acceptance pending
/cockpit/finance/mobile-acceptance,Live Financial Centre mobile viewport,CAPTURED_AUTHENTICATED_TEST,PRESERVED_SOURCE_ROUTE,/cockpit/finance/mobile-acceptance,Route source exists; rendered control/authority acceptance pending
/cockpit/finance,Financial Centre,CAPTURED_AUTHENTICATED_TEST;CAPTURED_PRODUCTION,PRESERVED_SOURCE_ROUTE,/cockpit/finance,Route source exists; rendered control/authority acceptance pending
/cockpit/finance/pl,pl,UNAVAILABLE,PRESERVED_SOURCE_ROUTE,/cockpit/finance/pl,Route source exists; rendered control/authority acceptance pending
/cockpit/finance/profit,profit,UNAVAILABLE,PRESERVED_SOURCE_ROUTE,/cockpit/finance/profit,Route source exists; rendered control/authority acceptance pending
/cockpit/founder/ai-evolution,AI Evolution,CAPTURED_AUTHENTICATED_TEST;CAPTURED_PRODUCTION,PRESERVED_SOURCE_ROUTE,/cockpit/founder/ai-evolution,Route source exists; rendered control/authority acceptance pending
/cockpit/founder/architecture,Knowledge Centre,CAPTURED_AUTHENTICATED_TEST,PRESERVED_SOURCE_ROUTE,/cockpit/founder/architecture,Route source exists; rendered control/authority acceptance pending
/cockpit/founder/architecture-evolution,Architecture Evolution,CAPTURED_AUTHENTICATED_TEST,PRESERVED_SOURCE_ROUTE,/cockpit/founder/architecture-evolution,Route source exists; rendered control/authority acceptance pending
/cockpit/founder/autonomous-decision-monitor,Autonomous Decision Monitor,CAPTURED_AUTHENTICATED_TEST;CAPTURED_PRODUCTION,PRESERVED_SOURCE_ROUTE,/cockpit/founder/autonomous-decision-monitor,Route source exists; rendered control/authority acceptance pending
/cockpit/founder/builder,Builder Console,CAPTURED_AUTHENTICATED_TEST;CAPTURED_PRODUCTION,PRESERVED_SOURCE_ROUTE,/cockpit/founder/builder,Route source exists; rendered control/authority acceptance pending
/cockpit/founder/capital-allocation,Capital Allocation Engine,CAPTURED_AUTHENTICATED_TEST,PRESERVED_SOURCE_ROUTE,/cockpit/founder/capital-allocation,Route source exists; rendered control/authority acceptance pending
/cockpit/founder/capital-risk,Capital Risk Engine,CAPTURED_AUTHENTICATED_TEST,PRESERVED_SOURCE_ROUTE,/cockpit/founder/capital-risk,Route source exists; rendered control/authority acceptance pending
/cockpit/founder/cash-reserve,Cash Reserve Intelligence,CAPTURED_AUTHENTICATED_TEST,PRESERVED_SOURCE_ROUTE,/cockpit/founder/cash-reserve,Route source exists; rendered control/authority acceptance pending
/cockpit/founder/competitor-intelligence,Competitor Intelligence Engine,CAPTURED_AUTHENTICATED_TEST,PRESERVED_SOURCE_ROUTE,/cockpit/founder/competitor-intelligence,Route source exists; rendered control/authority acceptance pending
/cockpit/founder/conflict-resolution,Conflict Resolution Engine,CAPTURED_AUTHENTICATED_TEST,PRESERVED_SOURCE_ROUTE,/cockpit/founder/conflict-resolution,Route source exists; rendered control/authority acceptance pending
/cockpit/founder/corporate-vision,Corporate Vision,CAPTURED_AUTHENTICATED_TEST;CAPTURED_PRODUCTION,PRESERVED_SOURCE_ROUTE,/cockpit/founder/corporate-vision,Route source exists; rendered control/authority acceptance pending
/cockpit/founder/cost-optimization,Cost Optimization Engine,CAPTURED_AUTHENTICATED_TEST,PRESERVED_SOURCE_ROUTE,/cockpit/founder/cost-optimization,Route source exists; rendered control/authority acceptance pending
/cockpit/founder/crisis-decisions,Crisis Decision Engine,CAPTURED_AUTHENTICATED_TEST,PRESERVED_SOURCE_ROUTE,/cockpit/founder/crisis-decisions,Route source exists; rendered control/authority acceptance pending
/cockpit/founder/cross-business-intelligence,Cross-Business Intelligence,CAPTURED_AUTHENTICATED_TEST;CAPTURED_PRODUCTION,PRESERVED_SOURCE_ROUTE,/cockpit/founder/cross-business-intelligence,Route source exists; rendered control/authority acceptance pending
/cockpit/founder/customer-behaviour,Customer Behaviour Intelligence,CAPTURED_AUTHENTICATED_TEST;CAPTURED_PRODUCTION,PRESERVED_SOURCE_ROUTE,/cockpit/founder/customer-behaviour,Route source exists; rendered control/authority acceptance pending
/cockpit/founder/decision-architecture,Executive Decision Architecture,CAPTURED_AUTHENTICATED_TEST;CAPTURED_PRODUCTION,PRESERVED_SOURCE_ROUTE,/cockpit/founder/decision-architecture,Route source exists; rendered control/authority acceptance pending
/cockpit/founder/decision-audit,Decision Audit Engine,CAPTURED_AUTHENTICATED_TEST;CAPTURED_PRODUCTION,PRESERVED_SOURCE_ROUTE,/cockpit/founder/decision-audit,Route source exists; rendered control/authority acceptance pending
/cockpit/founder/decision-simulation,Decision Simulation Engine,CAPTURED_AUTHENTICATED_TEST,PRESERVED_SOURCE_ROUTE,/cockpit/founder/decision-simulation,Route source exists; rendered control/authority acceptance pending
/cockpit/founder/department-planning,Department Planning,CAPTURED_AUTHENTICATED_TEST,PRESERVED_SOURCE_ROUTE,/cockpit/founder/department-planning,Route source exists; rendered control/authority acceptance pending
/cockpit/founder/empire-evolution,Empire Evolution,CAPTURED_AUTHENTICATED_TEST;CAPTURED_PRODUCTION,PRESERVED_SOURCE_ROUTE,/cockpit/founder/empire-evolution,Route source exists; rendered control/authority acceptance pending
/cockpit/founder/enterprise-audit-engine,Enterprise Audit Engine,CAPTURED_AUTHENTICATED_TEST,PRESERVED_SOURCE_ROUTE,/cockpit/founder/enterprise-audit-engine,Route source exists; rendered control/authority acceptance pending
/cockpit/founder/enterprise-constitutional-guardian,enterprise-constitutional-guardian,UNAVAILABLE,PRESERVED_SOURCE_ROUTE,/cockpit/founder/enterprise-constitutional-guardian,Route source exists; rendered control/authority acceptance pending
/cockpit/founder/enterprise-governance,Enterprise Governance Framework,CAPTURED_AUTHENTICATED_TEST,PRESERVED_SOURCE_ROUTE,/cockpit/founder/enterprise-governance,Route source exists; rendered control/authority acceptance pending
/cockpit/founder/enterprise-pattern,Enterprise Pattern Engine,CAPTURED_AUTHENTICATED_TEST;CAPTURED_PRODUCTION,PRESERVED_SOURCE_ROUTE,/cockpit/founder/enterprise-pattern,Route source exists; rendered control/authority acceptance pending
/cockpit/founder/enterprise-risk-governance,Enterprise Risk Governance,CAPTURED_AUTHENTICATED_TEST,PRESERVED_SOURCE_ROUTE,/cockpit/founder/enterprise-risk-governance,Route source exists; rendered control/authority acceptance pending
/cockpit/founder/enterprise-valuation,Enterprise Valuation Engine,CAPTURED_AUTHENTICATED_TEST,PRESERVED_SOURCE_ROUTE,/cockpit/founder/enterprise-valuation,Route source exists; rendered control/authority acceptance pending
/cockpit/founder/executive-accountability,Executive Accountability Engine,CAPTURED_AUTHENTICATED_TEST,PRESERVED_SOURCE_ROUTE,/cockpit/founder/executive-accountability,Route source exists; rendered control/authority acceptance pending
/cockpit/founder/executive-advisory,Executive Advisory Engine,CAPTURED_AUTHENTICATED_TEST,PRESERVED_SOURCE_ROUTE,/cockpit/founder/executive-advisory,Route source exists; rendered control/authority acceptance pending
/cockpit/founder/executive-approval,Executive Approval Intelligence,CAPTURED_AUTHENTICATED_TEST;CAPTURED_PRODUCTION,PRESERVED_SOURCE_ROUTE,/cockpit/founder/executive-approval,Route source exists; rendered control/authority acceptance pending
/cockpit/founder/executive-benchmark,Executive Benchmark Engine,CAPTURED_AUTHENTICATED_TEST;CAPTURED_PRODUCTION,PRESERVED_SOURCE_ROUTE,/cockpit/founder/executive-benchmark,Route source exists; rendered control/authority acceptance pending
/cockpit/founder/executive-budget,Executive Budget Planner,CAPTURED_AUTHENTICATED_TEST,PRESERVED_SOURCE_ROUTE,/cockpit/founder/executive-budget,Route source exists; rendered control/authority acceptance pending
/cockpit/founder/executive-calendar,Executive Calendar,CAPTURED_AUTHENTICATED_TEST,PRESERVED_SOURCE_ROUTE,/cockpit/founder/executive-calendar,Route source exists; rendered control/authority acceptance pending
/cockpit/founder/executive-capital-strategy,Executive Capital Strategy,CAPTURED_AUTHENTICATED_TEST;CAPTURED_PRODUCTION,PRESERVED_SOURCE_ROUTE,/cockpit/founder/executive-capital-strategy,Route source exists; rendered control/authority acceptance pending
/cockpit/founder/executive-compliance,Executive Compliance Engine,CAPTURED_AUTHENTICATED_TEST;CAPTURED_PRODUCTION,PRESERVED_SOURCE_ROUTE,/cockpit/founder/executive-compliance,Route source exists; rendered control/authority acceptance pending
/cockpit/founder/executive-confidence,Executive Confidence Engine,CAPTURED_AUTHENTICATED_TEST;CAPTURED_PRODUCTION,PRESERVED_SOURCE_ROUTE,/cockpit/founder/executive-confidence,Route source exists; rendered control/authority acceptance pending
/cockpit/founder/executive-consensus,Executive Consensus Engine,CAPTURED_AUTHENTICATED_TEST,PRESERVED_SOURCE_ROUTE,/cockpit/founder/executive-consensus,Route source exists; rendered control/authority acceptance pending
/cockpit/founder/executive-constitutional-monitor,Executive Constitutional Monitor,CAPTURED_AUTHENTICATED_TEST,PRESERVED_SOURCE_ROUTE,/cockpit/founder/executive-constitutional-monitor,Route source exists; rendered control/authority acceptance pending
/cockpit/founder/executive-decision-certification,Executive Decision Engine Certification,CAPTURED_AUTHENTICATED_TEST,PRESERVED_SOURCE_ROUTE,/cockpit/founder/executive-decision-certification,Route source exists; rendered control/authority acceptance pending
/cockpit/founder/executive-dependencies,Executive Dependencies,CAPTURED_AUTHENTICATED_TEST;CAPTURED_PRODUCTION,PRESERVED_SOURCE_ROUTE,/cockpit/founder/executive-dependencies,Route source exists; rendered control/authority acceptance pending
/cockpit/founder/executive-escalations,Executive Escalation Engine,CAPTURED_AUTHENTICATED_TEST,PRESERVED_SOURCE_ROUTE,/cockpit/founder/executive-escalations,Route source exists; rendered control/authority acceptance pending
/cockpit/founder/executive-ethics,Executive Ethics Engine,CAPTURED_AUTHENTICATED_TEST,PRESERVED_SOURCE_ROUTE,/cockpit/founder/executive-ethics,Route source exists; rendered control/authority acceptance pending
/cockpit/founder/executive-exception-manager,Executive Exception Manager,CAPTURED_AUTHENTICATED_TEST,PRESERVED_SOURCE_ROUTE,/cockpit/founder/executive-exception-manager,Route source exists; rendered control/authority acceptance pending
/cockpit/founder/executive-finance,Executive Finance Framework,CAPTURED_AUTHENTICATED_TEST,PRESERVED_SOURCE_ROUTE,/cockpit/founder/executive-finance,Route source exists; rendered control/authority acceptance pending
/cockpit/founder/executive-forecast,Executive Forecast Intelligence,CAPTURED_AUTHENTICATED_TEST;CAPTURED_PRODUCTION,PRESERVED_SOURCE_ROUTE,/cockpit/founder/executive-forecast,Route source exists; rendered control/authority acceptance pending
/cockpit/founder/executive-governance-certification,Executive Governance Certification,CAPTURED_AUTHENTICATED_TEST;CAPTURED_PRODUCTION,PRESERVED_SOURCE_ROUTE,/cockpit/founder/executive-governance-certification,Route source exists; rendered control/authority acceptance pending
/cockpit/founder/executive-insight,Executive Insight Engine,CAPTURED_AUTHENTICATED_TEST;CAPTURED_PRODUCTION,PRESERVED_SOURCE_ROUTE,/cockpit/founder/executive-insight,Route source exists; rendered control/authority acceptance pending
/cockpit/founder/executive-intelligence-certification,Executive Intelligence Certification,CAPTURED_AUTHENTICATED_TEST,PRESERVED_SOURCE_ROUTE,/cockpit/founder/executive-intelligence-certification,Route source exists; rendered control/authority acceptance pending
/cockpit/founder/executive-knowledge-graph,Executive Knowledge Graph,CAPTURED_AUTHENTICATED_TEST,PRESERVED_SOURCE_ROUTE,/cockpit/founder/executive-knowledge-graph,Route source exists; rendered control/authority acceptance pending
/cockpit/founder/executive-kpi,Executive KPI Engine,CAPTURED_AUTHENTICATED_TEST;CAPTURED_PRODUCTION,PRESERVED_SOURCE_ROUTE,/cockpit/founder/executive-kpi,Route source exists; rendered control/authority acceptance pending
/cockpit/founder/executive-performance,Executive Performance Dashboard,CAPTURED_AUTHENTICATED_TEST,PRESERVED_SOURCE_ROUTE,/cockpit/founder/executive-performance,Route source exists; rendered control/authority acceptance pending
/cockpit/founder/executive-planning,Executive Planning Dashboard,CAPTURED_AUTHENTICATED_TEST,PRESERVED_SOURCE_ROUTE,/cockpit/founder/executive-planning,Route source exists; rendered control/authority acceptance pending
/cockpit/founder/executive-planning-certification,Executive Planning Certified,CAPTURED_AUTHENTICATED_TEST,PRESERVED_SOURCE_ROUTE,/cockpit/founder/executive-planning-certification,Route source exists; rendered control/authority acceptance pending
/cockpit/founder/executive-policies,Executive Policy Engine,CAPTURED_AUTHENTICATED_TEST;CAPTURED_PRODUCTION,PRESERVED_SOURCE_ROUTE,/cockpit/founder/executive-policies,Route source exists; rendered control/authority acceptance pending
/cockpit/founder/executive-policy-evolution,Executive Policy Evolution,CAPTURED_PRODUCTION,PRESERVED_SOURCE_ROUTE,/cockpit/founder/executive-policy-evolution,Route source exists; rendered control/authority acceptance pending
/cockpit/founder/executive-prediction,Executive Prediction Engine,CAPTURED_AUTHENTICATED_TEST,PRESERVED_SOURCE_ROUTE,/cockpit/founder/executive-prediction,Route source exists; rendered control/authority acceptance pending
/cockpit/founder/executive-recommendations,Executive Recommendation Engine,CAPTURED_AUTHENTICATED_TEST,PRESERVED_SOURCE_ROUTE,/cockpit/founder/executive-recommendations,Route source exists; rendered control/authority acceptance pending
/cockpit/founder/executive-resilience-engine,Executive Resilience Engine,CAPTURED_PRODUCTION,PRESERVED_SOURCE_ROUTE,/cockpit/founder/executive-resilience-engine,Route source exists; rendered control/authority acceptance pending
/cockpit/founder/executive-review-board,Executive Review Board,CAPTURED_PRODUCTION,PRESERVED_SOURCE_ROUTE,/cockpit/founder/executive-review-board,Route source exists; rendered control/authority acceptance pending
/cockpit/founder/executive-roadmap,Executive Roadmap,CAPTURED_AUTHENTICATED_TEST;CAPTURED_PRODUCTION,PRESERVED_SOURCE_ROUTE,/cockpit/founder/executive-roadmap,Route source exists; rendered control/authority acceptance pending
/cockpit/founder/executive-scenarios,Executive Scenarios,CAPTURED_AUTHENTICATED_TEST,PRESERVED_SOURCE_ROUTE,/cockpit/founder/executive-scenarios,Route source exists; rendered control/authority acceptance pending
/cockpit/founder/executive-transparency,Executive Transparency Engine,CAPTURED_AUTHENTICATED_TEST,PRESERVED_SOURCE_ROUTE,/cockpit/founder/executive-transparency,Route source exists; rendered control/authority acceptance pending
/cockpit/founder/executive-trust-engine,Executive Trust Engine,CAPTURED_PRODUCTION,PRESERVED_SOURCE_ROUTE,/cockpit/founder/executive-trust-engine,Route source exists; rendered control/authority acceptance pending
/cockpit/founder/explainability,Explainability,CAPTURED_AUTHENTICATED_TEST,PRESERVED_SOURCE_ROUTE,/cockpit/founder/explainability,Route source exists; rendered control/authority acceptance pending
/cockpit/founder/financial-executive-certification,Financial Executive Certification,CAPTURED_AUTHENTICATED_TEST,PRESERVED_SOURCE_ROUTE,/cockpit/founder/financial-executive-certification,Route source exists; rendered control/authority acceptance pending
/cockpit/founder/financial-scenario,Financial Scenario Engine,CAPTURED_AUTHENTICATED_TEST,PRESERVED_SOURCE_ROUTE,/cockpit/founder/financial-scenario,Route source exists; rendered control/authority acceptance pending
/cockpit/founder/grand-king,Grand King Operating Account,CAPTURED_AUTHENTICATED_TEST,PRESERVED_SOURCE_ROUTE,/cockpit/founder/grand-king,Route source exists; rendered control/authority acceptance pending
/cockpit/founder/grand-king-executive-cockpit,Grand King Executive Cockpit,CAPTURED_AUTHENTICATED_TEST,PRESERVED_SOURCE_ROUTE,/cockpit/founder/grand-king-executive-cockpit,Route source exists; rendered control/authority acceptance pending
/cockpit/founder/guardian,Guardian Centre,CAPTURED_AUTHENTICATED_TEST,PRESERVED_SOURCE_ROUTE,/cockpit/founder/guardian,Route source exists; rendered control/authority acceptance pending
/cockpit/founder/industry-intelligence,Industry Intelligence Engine,CAPTURED_AUTHENTICATED_TEST,PRESERVED_SOURCE_ROUTE,/cockpit/founder/industry-intelligence,Route source exists; rendered control/authority acceptance pending
/cockpit/founder/initiative-portfolio,Initiative Portfolio,CAPTURED_AUTHENTICATED_TEST,PRESERVED_SOURCE_ROUTE,/cockpit/founder/initiative-portfolio,Route source exists; rendered control/authority acceptance pending
/cockpit/founder/innovation-intelligence,Innovation Intelligence Engine,CAPTURED_AUTHENTICATED_TEST;CAPTURED_PRODUCTION,PRESERVED_SOURCE_ROUTE,/cockpit/founder/innovation-intelligence,Route source exists; rendered control/authority acceptance pending
/cockpit/founder/investment-evaluation,Investment Evaluation Engine,CAPTURED_AUTHENTICATED_TEST,PRESERVED_SOURCE_ROUTE,/cockpit/founder/investment-evaluation,Route source exists; rendered control/authority acceptance pending
/cockpit/founder/journey,Journey Centre,CAPTURED_AUTHENTICATED_TEST;CAPTURED_PRODUCTION,PRESERVED_SOURCE_ROUTE,/cockpit/founder/journey,Route source exists; rendered control/authority acceptance pending
/cockpit/founder/knowledge,knowledge,UNAVAILABLE,PRESERVED_SOURCE_ROUTE,/cockpit/founder/knowledge,Route source exists; rendered control/authority acceptance pending
/cockpit/founder/knowledge-evolution,Knowledge Evolution,CAPTURED_AUTHENTICATED_TEST,PRESERVED_SOURCE_ROUTE,/cockpit/founder/knowledge-evolution,Route source exists; rendered control/authority acceptance pending
/cockpit/founder/live-eta,Live ETA,CAPTURED_AUTHENTICATED_TEST,PRESERVED_SOURCE_ROUTE,/cockpit/founder/live-eta,Route source exists; rendered control/authority acceptance pending
/cockpit/founder/long-term-growth,Long-Term Growth,CAPTURED_AUTHENTICATED_TEST,PRESERVED_SOURCE_ROUTE,/cockpit/founder/long-term-growth,Route source exists; rendered control/authority acceptance pending
/cockpit/founder/market-intelligence,Market Intelligence Engine,CAPTURED_AUTHENTICATED_TEST;CAPTURED_PRODUCTION,PRESERVED_SOURCE_ROUTE,/cockpit/founder/market-intelligence,Route source exists; rendered control/authority acceptance pending
/cockpit/founder/opportunity-discovery,Opportunity Discovery Engine,CAPTURED_AUTHENTICATED_TEST,PRESERVED_SOURCE_ROUTE,/cockpit/founder/opportunity-discovery,Route source exists; rendered control/authority acceptance pending
/cockpit/founder/opportunity-prioritization,Opportunity Prioritization,CAPTURED_AUTHENTICATED_TEST,PRESERVED_SOURCE_ROUTE,/cockpit/founder/opportunity-prioritization,Route source exists; rendered control/authority acceptance pending
/cockpit/founder/priority-management,Priority Management,CAPTURED_AUTHENTICATED_TEST,PRESERVED_SOURCE_ROUTE,/cockpit/founder/priority-management,Route source exists; rendered control/authority acceptance pending
/cockpit/founder/production,Production Centre,CAPTURED_AUTHENTICATED_TEST,PRESERVED_SOURCE_ROUTE,/cockpit/founder/production,Route source exists; rendered control/authority acceptance pending
/cockpit/founder/profit-optimization,Profit Optimization Engine,CAPTURED_AUTHENTICATED_TEST;CAPTURED_PRODUCTION,PRESERVED_SOURCE_ROUTE,/cockpit/founder/profit-optimization,Route source exists; rendered control/authority acceptance pending
/cockpit/founder/repository-evolution,Repository Evolution,CAPTURED_AUTHENTICATED_TEST;CAPTURED_PRODUCTION,PRESERVED_SOURCE_ROUTE,/cockpit/founder/repository-evolution,Route source exists; rendered control/authority acceptance pending
/cockpit/founder/resource-allocation,Resource Allocation Engine,CAPTURED_AUTHENTICATED_TEST;CAPTURED_PRODUCTION,PRESERVED_SOURCE_ROUTE,/cockpit/founder/resource-allocation,Route source exists; rendered control/authority acceptance pending
/cockpit/founder/risk-assessment,Risk Assessment Engine,CAPTURED_AUTHENTICATED_TEST,PRESERVED_SOURCE_ROUTE,/cockpit/founder/risk-assessment,Route source exists; rendered control/authority acceptance pending
/cockpit/founder/roi-intelligence,ROI Intelligence Engine,CAPTURED_AUTHENTICATED_TEST,PRESERVED_SOURCE_ROUTE,/cockpit/founder/roi-intelligence,Route source exists; rendered control/authority acceptance pending
/cockpit/founder/shadow-ceo,Shadow CEO Operating Environment,CAPTURED_AUTHENTICATED_TEST;CAPTURED_PRODUCTION,PRESERVED_SOURCE_ROUTE,/cockpit/founder/shadow-ceo,Route source exists; rendered control/authority acceptance pending
/cockpit/founder/strategic-alignment,Strategic Alignment,CAPTURED_AUTHENTICATED_TEST;CAPTURED_PRODUCTION,PRESERVED_SOURCE_ROUTE,/cockpit/founder/strategic-alignment,Route source exists; rendered control/authority acceptance pending
/cockpit/founder/strategic-objectives,Strategic Objectives,CAPTURED_AUTHENTICATED_TEST;CAPTURED_PRODUCTION,PRESERVED_SOURCE_ROUTE,/cockpit/founder/strategic-objectives,Route source exists; rendered control/authority acceptance pending
/cockpit/founder/supervisor,Supervisor Centre,CAPTURED_AUTHENTICATED_TEST;CAPTURED_PRODUCTION,PRESERVED_SOURCE_ROUTE,/cockpit/founder/supervisor,Route source exists; rendered control/authority acceptance pending
/cockpit/founder/threat-detection,Threat Detection Engine,CAPTURED_AUTHENTICATED_TEST;CAPTURED_PRODUCTION,PRESERVED_SOURCE_ROUTE,/cockpit/founder/threat-detection,Route source exists; rendered control/authority acceptance pending
/cockpit/founder/trade-off-analysis,Trade-off Analysis Engine,CAPTURED_AUTHENTICATED_TEST,PRESERVED_SOURCE_ROUTE,/cockpit/founder/trade-off-analysis,Route source exists; rendered control/authority acceptance pending
/cockpit/governance/council,Governance,CAPTURED_AUTHENTICATED_TEST,PRESERVED_SOURCE_ROUTE,/cockpit/governance/council,Route source exists; rendered control/authority acceptance pending
/cockpit/governance/decisions,Governance,CAPTURED_AUTHENTICATED_TEST,PRESERVED_SOURCE_ROUTE,/cockpit/governance/decisions,Route source exists; rendered control/authority acceptance pending
/cockpit/governance,governance,UNAVAILABLE,PRESERVED_SOURCE_ROUTE,/cockpit/governance,Route source exists; rendered control/authority acceptance pending
/cockpit/governance/settings,Governance,CAPTURED_AUTHENTICATED_TEST,PRESERVED_SOURCE_ROUTE,/cockpit/governance/settings,Route source exists; rendered control/authority acceptance pending
/cockpit/governance/soul,Governance,CAPTURED_AUTHENTICATED_TEST,PRESERVED_SOURCE_ROUTE,/cockpit/governance/soul,Route source exists; rendered control/authority acceptance pending
/cockpit/governance/v1,Governance,CAPTURED_AUTHENTICATED_TEST;CAPTURED_PRODUCTION,PRESERVED_SOURCE_ROUTE,/cockpit/governance/v1,Route source exists; rendered control/authority acceptance pending
/cockpit/infrastructure/admin,Infrastructure,CAPTURED_AUTHENTICATED_TEST;CAPTURED_PRODUCTION,PRESERVED_SOURCE_ROUTE,/cockpit/infrastructure/admin,Route source exists; rendered control/authority acceptance pending
/cockpit/infrastructure/deployments,Infrastructure,CAPTURED_AUTHENTICATED_TEST;CAPTURED_PRODUCTION,PRESERVED_SOURCE_ROUTE,/cockpit/infrastructure/deployments,Route source exists; rendered control/authority acceptance pending
/cockpit/infrastructure/health,Infrastructure,CAPTURED_AUTHENTICATED_TEST;CAPTURED_PRODUCTION,PRESERVED_SOURCE_ROUTE,/cockpit/infrastructure/health,Route source exists; rendered control/authority acceptance pending
/cockpit/infrastructure/integrations,Infrastructure,CAPTURED_AUTHENTICATED_TEST;CAPTURED_PRODUCTION,PRESERVED_SOURCE_ROUTE,/cockpit/infrastructure/integrations,Route source exists; rendered control/authority acceptance pending
/cockpit/infrastructure,infrastructure,UNAVAILABLE,PRESERVED_SOURCE_ROUTE,/cockpit/infrastructure,Route source exists; rendered control/authority acceptance pending
/cockpit/intelligence/customers,Intelligence,CAPTURED_AUTHENTICATED_TEST,PRESERVED_SOURCE_ROUTE,/cockpit/intelligence/customers,Route source exists; rendered control/authority acceptance pending
/cockpit/intelligence/decisions,Intelligence,CAPTURED_AUTHENTICATED_TEST,PRESERVED_SOURCE_ROUTE,/cockpit/intelligence/decisions,Route source exists; rendered control/authority acceptance pending
/cockpit/intelligence/discovery,Intelligence,CAPTURED_AUTHENTICATED_TEST;CAPTURED_PRODUCTION,PRESERVED_SOURCE_ROUTE,/cockpit/intelligence/discovery,Route source exists; rendered control/authority acceptance pending
/cockpit/intelligence/executive,Intelligence,CAPTURED_AUTHENTICATED_TEST;CAPTURED_PRODUCTION,PRESERVED_SOURCE_ROUTE,/cockpit/intelligence/executive,Route source exists; rendered control/authority acceptance pending
/cockpit/intelligence/marketplace,Intelligence,CAPTURED_AUTHENTICATED_TEST;CAPTURED_PRODUCTION,PRESERVED_SOURCE_ROUTE,/cockpit/intelligence/marketplace,Route source exists; rendered control/authority acceptance pending
/cockpit/intelligence/markets,Intelligence,CAPTURED_AUTHENTICATED_TEST;CAPTURED_PRODUCTION,PRESERVED_SOURCE_ROUTE,/cockpit/intelligence/markets,Route source exists; rendered control/authority acceptance pending
/cockpit/intelligence,intelligence,UNAVAILABLE,PRESERVED_SOURCE_ROUTE,/cockpit/intelligence,Route source exists; rendered control/authority acceptance pending
/cockpit/intelligence/products,Intelligence,CAPTURED_AUTHENTICATED_TEST,PRESERVED_SOURCE_ROUTE,/cockpit/intelligence/products,Route source exists; rendered control/authority acceptance pending
/cockpit/intelligence/risk,Intelligence,CAPTURED_AUTHENTICATED_TEST,PRESERVED_SOURCE_ROUTE,/cockpit/intelligence/risk,Route source exists; rendered control/authority acceptance pending
/cockpit/intelligence/suppliers,Intelligence,CAPTURED_AUTHENTICATED_TEST,PRESERVED_SOURCE_ROUTE,/cockpit/intelligence/suppliers,Route source exists; rendered control/authority acceptance pending
/cockpit/missions,Mission Centre,CAPTURED_AUTHENTICATED_TEST;CAPTURED_PRODUCTION,PRESERVED_SOURCE_ROUTE,/cockpit/missions,Route source exists; rendered control/authority acceptance pending
/cockpit/operations/authorizations,Operations,CAPTURED_AUTHENTICATED_TEST,PRESERVED_SOURCE_ROUTE,/cockpit/operations/authorizations,Route source exists; rendered control/authority acceptance pending
/cockpit/operations/automation,Operations,CAPTURED_AUTHENTICATED_TEST,PRESERVED_SOURCE_ROUTE,/cockpit/operations/automation,Route source exists; rendered control/authority acceptance pending
/cockpit/operations/fulfillment,Operations,CAPTURED_AUTHENTICATED_TEST,PRESERVED_SOURCE_ROUTE,/cockpit/operations/fulfillment,Route source exists; rendered control/authority acceptance pending
/cockpit/operations/orders,Operations,CAPTURED_AUTHENTICATED_TEST,PRESERVED_SOURCE_ROUTE,/cockpit/operations/orders,Route source exists; rendered control/authority acceptance pending
/cockpit/operations,operations,UNAVAILABLE,PRESERVED_SOURCE_ROUTE,/cockpit/operations,Route source exists; rendered control/authority acceptance pending
/cockpit/operations/support,Operations,CAPTURED_AUTHENTICATED_TEST,PRESERVED_SOURCE_ROUTE,/cockpit/operations/support,Route source exists; rendered control/authority acceptance pending
/cockpit,Executive Home,CAPTURED_AUTHENTICATED_TEST;CAPTURED_PRODUCTION,PRESERVED_SOURCE_ROUTE,/cockpit,Route source exists; rendered control/authority acceptance pending
/cockpit/products/[id],"Floor Standing Mirror, Wall Mirror With Stand Aluminum Alloy Thin Frame",CAPTURED_PRODUCTION,PRESERVED_SOURCE_ROUTE,/cockpit/products/[id],Route source exists; rendered control/authority acceptance pending
/cockpit/products,Products,CAPTURED_AUTHENTICATED_TEST;CAPTURED_PRODUCTION,PRESERVED_SOURCE_ROUTE,/cockpit/products,Route source exists; rendered control/authority acceptance pending
/cockpit/relationship,Executive Relationship Graph,CAPTURED_AUTHENTICATED_TEST,PRESERVED_SOURCE_ROUTE,/cockpit/relationship,Route source exists; rendered control/authority acceptance pending
/cockpit/workforce/activity,AI Workforce,CAPTURED_AUTHENTICATED_TEST,PRESERVED_SOURCE_ROUTE,/cockpit/workforce/activity,Route source exists; rendered control/authority acceptance pending
/cockpit/workforce/audit,AI Workforce,CAPTURED_AUTHENTICATED_TEST;CAPTURED_PRODUCTION,PRESERVED_SOURCE_ROUTE,/cockpit/workforce/audit,Route source exists; rendered control/authority acceptance pending
/cockpit/workforce,AI Workforce,CAPTURED_AUTHENTICATED_TEST;CAPTURED_PRODUCTION,PRESERVED_SOURCE_ROUTE,/cockpit/workforce,Route source exists; rendered control/authority acceptance pending
/,Root,UNAVAILABLE,PRESERVED_SOURCE_ROUTE,/,Route source exists; rendered control/authority acceptance pending
/platform/admin,admin,NOT_DEPLOYED,PRESERVED_SOURCE_ROUTE,/platform/admin,Route source exists; rendered control/authority acceptance pending
/platform/ads,ads,NOT_DEPLOYED,PRESERVED_SOURCE_ROUTE,/platform/ads,Route source exists; rendered control/authority acceptance pending
/platform/ai-ceo,ai-ceo,NOT_DEPLOYED,PRESERVED_SOURCE_ROUTE,/platform/ai-ceo,Route source exists; rendered control/authority acceptance pending
/platform/dashboard,dashboard,NOT_DEPLOYED,PRESERVED_SOURCE_ROUTE,/platform/dashboard,Route source exists; rendered control/authority acceptance pending
/platform/finance,finance,NOT_DEPLOYED,PRESERVED_SOURCE_ROUTE,/platform/finance,Route source exists; rendered control/authority acceptance pending
/platform/intelligence,intelligence,NOT_DEPLOYED,PRESERVED_SOURCE_ROUTE,/platform/intelligence,Route source exists; rendered control/authority acceptance pending
/platform/marketing,marketing,NOT_DEPLOYED,PRESERVED_SOURCE_ROUTE,/platform/marketing,Route source exists; rendered control/authority acceptance pending
/platform/orders,orders,NOT_DEPLOYED,PRESERVED_SOURCE_ROUTE,/platform/orders,Route source exists; rendered control/authority acceptance pending
/platform,platform,NOT_DEPLOYED,PRESERVED_SOURCE_ROUTE,/platform,Route source exists; rendered control/authority acceptance pending
/platform/settings,settings,NOT_DEPLOYED,PRESERVED_SOURCE_ROUTE,/platform/settings,Route source exists; rendered control/authority acceptance pending
/platform/store,store,NOT_DEPLOYED,PRESERVED_SOURCE_ROUTE,/platform/store,Route source exists; rendered control/authority acceptance pending
/platform/suppliers,suppliers,NOT_DEPLOYED,PRESERVED_SOURCE_ROUTE,/platform/suppliers,Route source exists; rendered control/authority acceptance pending
/platform/support,support,NOT_DEPLOYED,PRESERVED_SOURCE_ROUTE,/platform/support,Route source exists; rendered control/authority acceptance pending
