guard,name,required_owner_fields,required_control_or_trace,status,evidence,ui_contract_status,operational_certification
S01,Duplicate-order guard,status VERIFIED/AT_RISK/TRIPPED/UNKNOWN; evidence time; affected identities; exposure; detection; action; recovery; owner action; drilldown,Existing source and authority-gated control; unknown never green,BLOCKED,"Authenticated390/1440SafetyCommand all15UNKNOWN, no false green. Guard-specific realoperational verification remains unestablished.",PASS_ALL_15_DISCOVERABLE_UNKNOWN,NOT_CLAIMED_WORK8
S02,Order reconciliation,status VERIFIED/AT_RISK/TRIPPED/UNKNOWN; evidence time; affected identities; exposure; detection; action; recovery; owner action; drilldown,Existing source and authority-gated control; unknown never green,BLOCKED,"Authenticated390/1440SafetyCommand all15UNKNOWN, no false green. Guard-specific realoperational verification remains unestablished.",PASS_ALL_15_DISCOVERABLE_UNKNOWN,NOT_CLAIMED_WORK8
S03,Stock guard,status VERIFIED/AT_RISK/TRIPPED/UNKNOWN; evidence time; affected identities; exposure; detection; action; recovery; owner action; drilldown,Existing source and authority-gated control; unknown never green,BLOCKED,"Authenticated390/1440SafetyCommand all15UNKNOWN, no false green. Guard-specific realoperational verification remains unestablished.",PASS_ALL_15_DISCOVERABLE_UNKNOWN,NOT_CLAIMED_WORK8
S04,Profitability guard,status VERIFIED/AT_RISK/TRIPPED/UNKNOWN; evidence time; affected identities; exposure; detection; action; recovery; owner action; drilldown,Existing source and authority-gated control; unknown never green,BLOCKED,"Authenticated390/1440SafetyCommand all15UNKNOWN, no false green. Guard-specific realoperational verification remains unestablished.",PASS_ALL_15_DISCOVERABLE_UNKNOWN,NOT_CLAIMED_WORK8
S05,Capital guard,status VERIFIED/AT_RISK/TRIPPED/UNKNOWN; evidence time; affected identities; exposure; detection; action; recovery; owner action; drilldown,Existing source and authority-gated control; unknown never green,BLOCKED,"Authenticated390/1440SafetyCommand all15UNKNOWN, no false green. Guard-specific realoperational verification remains unestablished.",PASS_ALL_15_DISCOVERABLE_UNKNOWN,NOT_CLAIMED_WORK8
S06,Delivery guard,status VERIFIED/AT_RISK/TRIPPED/UNKNOWN; evidence time; affected identities; exposure; detection; action; recovery; owner action; drilldown,Existing source and authority-gated control; unknown never green,BLOCKED,"Authenticated390/1440SafetyCommand all15UNKNOWN, no false green. Guard-specific realoperational verification remains unestablished.",PASS_ALL_15_DISCOVERABLE_UNKNOWN,NOT_CLAIMED_WORK8
S07,Compliance guard,status VERIFIED/AT_RISK/TRIPPED/UNKNOWN; evidence time; affected identities; exposure; detection; action; recovery; owner action; drilldown,Existing source and authority-gated control; unknown never green,BLOCKED,"Authenticated390/1440SafetyCommand all15UNKNOWN, no false green. Guard-specific realoperational verification remains unestablished.",PASS_ALL_15_DISCOVERABLE_UNKNOWN,NOT_CLAIMED_WORK8
S08,Supplier reliability,status VERIFIED/AT_RISK/TRIPPED/UNKNOWN; evidence time; affected identities; exposure; detection; action; recovery; owner action; drilldown,Existing source and authority-gated control; unknown never green,BLOCKED,"Authenticated390/1440SafetyCommand all15UNKNOWN, no false green. Guard-specific realoperational verification remains unestablished.",PASS_ALL_15_DISCOVERABLE_UNKNOWN,NOT_CLAIMED_WORK8
S09,Durability guard,status VERIFIED/AT_RISK/TRIPPED/UNKNOWN; evidence time; affected identities; exposure; detection; action; recovery; owner action; drilldown,Existing source and authority-gated control; unknown never green,BLOCKED,"Authenticated390/1440SafetyCommand all15UNKNOWN, no false green. Guard-specific realoperational verification remains unestablished.",PASS_ALL_15_DISCOVERABLE_UNKNOWN,NOT_CLAIMED_WORK8
S10,Safe retry,status VERIFIED/AT_RISK/TRIPPED/UNKNOWN; evidence time; affected identities; exposure; detection; action; recovery; owner action; drilldown,Existing source and authority-gated control; unknown never green,BLOCKED,"Authenticated390/1440SafetyCommand all15UNKNOWN, no false green. Guard-specific realoperational verification remains unestablished. Isolated unknown-order/cash/payout or version-fenced pause/receipt path additionally exercised; see ui-acceptance-evidence.md.",PASS_ALL_15_DISCOVERABLE_UNKNOWN,NOT_CLAIMED_WORK8
S11,Financial reconciliation,status VERIFIED/AT_RISK/TRIPPED/UNKNOWN; evidence time; affected identities; exposure; detection; action; recovery; owner action; drilldown,Existing source and authority-gated control; unknown never green,BLOCKED,"Authenticated390/1440SafetyCommand all15UNKNOWN, no false green. Guard-specific realoperational verification remains unestablished. Isolated unknown-order/cash/payout or version-fenced pause/receipt path additionally exercised; see ui-acceptance-evidence.md.",PASS_ALL_15_DISCOVERABLE_UNKNOWN,NOT_CLAIMED_WORK8
S12,Operational monitoring,status VERIFIED/AT_RISK/TRIPPED/UNKNOWN; evidence time; affected identities; exposure; detection; action; recovery; owner action; drilldown,Existing source and authority-gated control; unknown never green,BLOCKED,"Authenticated390/1440SafetyCommand all15UNKNOWN, no false green. Guard-specific realoperational verification remains unestablished.",PASS_ALL_15_DISCOVERABLE_UNKNOWN,NOT_CLAIMED_WORK8
S13,Circuit breakers,status VERIFIED/AT_RISK/TRIPPED/UNKNOWN; evidence time; affected identities; exposure; detection; action; recovery; owner action; drilldown,Existing source and authority-gated control; unknown never green,BLOCKED,"Authenticated390/1440SafetyCommand all15UNKNOWN, no false green. Guard-specific realoperational verification remains unestablished. Isolated unknown-order/cash/payout or version-fenced pause/receipt path additionally exercised; see ui-acceptance-evidence.md.",PASS_ALL_15_DISCOVERABLE_UNKNOWN,NOT_CLAIMED_WORK8
S14,Owner authority,status VERIFIED/AT_RISK/TRIPPED/UNKNOWN; evidence time; affected identities; exposure; detection; action; recovery; owner action; drilldown,Existing source and authority-gated control; unknown never green,BLOCKED,"Authenticated390/1440SafetyCommand all15UNKNOWN, no false green. Guard-specific realoperational verification remains unestablished. Isolated unknown-order/cash/payout or version-fenced pause/receipt path additionally exercised; see ui-acceptance-evidence.md.",PASS_ALL_15_DISCOVERABLE_UNKNOWN,NOT_CLAIMED_WORK8
S15,Disaster recovery,status VERIFIED/AT_RISK/TRIPPED/UNKNOWN; evidence time; affected identities; exposure; detection; action; recovery; owner action; drilldown,Existing source and authority-gated control; unknown never green,BLOCKED,"Authenticated390/1440SafetyCommand all15UNKNOWN, no false green. Guard-specific realoperational verification remains unestablished.",PASS_ALL_15_DISCOVERABLE_UNKNOWN,NOT_CLAIMED_WORK8
